id,src,status,time
"maquina.local@@notable@@4bc9cf3558ca18f9536f524097b6f09a","96.44.226.43",submitted,1410322200
"maquina.local@@notable@@aea852f8a38071662f64456f06bf8e50","95.106.229.220",submitted,1410322200
"maquina.local@@notable@@3a81fd1d3d0ac6d8583f3a75496597b5","90.86.109.191",submitted,1410322200
"maquina.local@@notable@@ce87540c1a6e514ad1b1960e102d2a40","90.77.58.235",submitted,1410322200
"maquina.local@@notable@@52f363c4316b9b1b3dd326b82c331ca1","69.74.142.131",submitted,1410322200
"maquina.local@@notable@@5df20e3752d491dd9558271426e20d4f","67.228.139.118",submitted,1410322200
"maquina.local@@notable@@4fed7066699f6834d91f02de6bf0feeb","59.60.235.251",submitted,1410322200
"maquina.local@@notable@@a81206481c6a61592e36132b0665f49b","57.206.75.55",submitted,1410322200
"maquina.local@@notable@@dc8891bde3d7cc162551e70b7e8934fb","55.155.183.174",submitted,1410322200
"maquina.local@@notable@@7db2a3a4abf99e469aa945a21f6cd48b","47.149.190.108",submitted,1410322200
"maquina.local@@notable@@865538efb5a32cb5ba49e7d36a2e5b72","47.107.105.110",submitted,1410322200
"maquina.local@@notable@@b249b906d2680a5f1154bb9746b6915b","44.236.254.45",submitted,1410322200
"maquina.local@@notable@@20a5b10e16c2bae423566804eb1974f3","43.155.21.76",submitted,1410322200
"maquina.local@@notable@@e6060e0f44d8735ae10751365b07b828","255.86.116.223",submitted,1410322200
"maquina.local@@notable@@99bac8e98d322f7a82b6aace0048b44a","247.220.184.112",submitted,1410322200
"maquina.local@@notable@@f0455bc6dac3016e1735d6ef993a65a6","234.220.221.111",submitted,1410322200
"maquina.local@@notable@@5ae444ce643f5fffdae2cee6523aaff3","233.205.111.93",submitted,1410322200
"maquina.local@@notable@@44e54ce5d5719d012b61b7febae9947d","225.212.85.229",submitted,1410322200
"maquina.local@@notable@@7ae8aed528ab0fdce53678bb9a5485ca","218.108.43.117",submitted,1410322200
"maquina.local@@notable@@793a6eb6da6b78810dcc2c1bf4acfb46","213.185.100.178",submitted,1410322200
"maquina.local@@notable@@d43f42c9bcb585495a7fb786dbb9aa38","211.247.75.203",submitted,1410322200
"maquina.local@@notable@@a51f83fb993ba81e5ca8575c217f6744","211.169.204.162",submitted,1410322200
"maquina.local@@notable@@bf0d79d0751d5d920982a207b4d44dff","207.122.211.168",submitted,1410322200
"maquina.local@@notable@@c8cd7f5235625cfa48f27ff6c02e1b25","205.187.245.187",submitted,1410322200
"maquina.local@@notable@@25a36a8ec97047892f080584cc4f10f3","202.87.243.241",submitted,1410322200
"maquina.local@@notable@@b64e5132dc1dc7efb3c7cf20c1562790","202.79.207.134",submitted,1410322200
"maquina.local@@notable@@d3ec185f57c276452f46bc402a95a6a6","192.168.96.67",submitted,1410322200
"maquina.local@@notable@@599d36d655bdc06ae357c37787efde44","192.168.31.247",submitted,1410322200
"maquina.local@@notable@@01ec916d6d796758b95c5f377407c844","189.207.214.112",submitted,1410322200
"maquina.local@@notable@@7bb02bd88e566b0cd5e62bcf189962d4","184.101.203.90",submitted,1410322200
"maquina.local@@notable@@4adec38f97fdee8d9ca95b6217f0578f","17.241.150.106",submitted,1410322200
"maquina.local@@notable@@ad14bb69f58a4d0dc95812ab6f954f0e","17.18.19.6",submitted,1410322200
"maquina.local@@notable@@9a2d33c128eed894928d254f48e0c38d","17.18.19.5",submitted,1410322200
"maquina.local@@notable@@c6205e27d0e8a52cdd4124bbae80caab","17.18.19.21",submitted,1410322200
"maquina.local@@notable@@6f3ea972da6a7b5cdfa7172b3952e04c","17.18.19.20",submitted,1410322200
"maquina.local@@notable@@2704e828dddbabe8ce5ae5ef56187de2","168.162.223.148",submitted,1410322200
"maquina.local@@notable@@e5a91dc4e40aa6291ada4c7a9123b57e","160.221.80.74",submitted,1410322200
"maquina.local@@notable@@8e7560b43eb2fa00826d91850e07e9a1","158.138.219.125",submitted,1410322200
"maquina.local@@notable@@2b842eab14e5f1c82fbfdde9194cb55c","148.167.77.93",submitted,1410322200
"maquina.local@@notable@@4cf62f7e930d69cc3d7e540cbb8a713f","129.17.73.122",submitted,1410322200
"maquina.local@@notable@@a96afb11132b62bc0e0d9067c7edb8e7","124.254.205.166",submitted,1410322200
"maquina.local@@notable@@25cdb06d0f297afe472c7bd4eef44861","123.111.73.166",submitted,1410322200
"maquina.local@@notable@@fec28328e6798918ccb62c3aef170c50","123.111.153.227",submitted,1410322200
"maquina.local@@notable@@1b9325add9b3ce67e87805508d2b57e9","117.178.100.5",submitted,1410322200
"maquina.local@@notable@@0e7cfe2ddf2fd3fd24942afe535436e1","111.77.83.117",submitted,1410322200
"maquina.local@@notable@@05e712835e9d72351541b779ae7224a2","101.118.78.175",submitted,1410322200
